Subject,PictureName,EmpathyRatings
11,E_amb_los15,3
12,E_amb_los15,5
13,E_amb_los15,2
15,E_amb_los15,4
18,E_amb_los15,1
20,E_amb_los15,4
21,E_amb_los15,5
22,E_amb_los15,1
23,E_amb_los15,1
24,E_amb_los15,4
26,E_amb_los15,4
28,E_amb_los15,4
29,E_amb_los15,1
30,E_amb_los15,4
31,E_amb_los15,3
32,E_amb_los15,1
33,E_amb_los15,2
34,E_amb_los15,4
35,E_amb_los15,2
36,E_amb_los15,5
37,E_amb_los15,3
38,E_amb_los15,3
39,E_amb_los15,3
40,E_amb_los15,4
41,E_amb_los15,3
42,E_amb_los15,5
45,E_amb_los15,3
46,E_amb_los15,3
47,E_amb_los15,2
48,E_amb_los15,1
49,E_amb_los15,3
50,E_amb_los15,4
51,E_amb_los15,3
52,E_amb_los15,3
53,E_amb_los15,2
54,E_amb_los15,4
55,E_amb_los15,5
56,E_amb_los15,3
57,E_amb_los15,3
58,E_amb_los15,4
59,E_amb_los15,3
60,E_amb_los15,3
61,E_amb_los15,5
62,E_amb_los15,3
63,E_amb_los15,4
64,E_amb_los15,2
65,E_amb_los15,2
11,E_amb_los17,2
12,E_amb_los17,5
13,E_amb_los17,3
15,E_amb_los17,4
18,E_amb_los17,4
20,E_amb_los17,5
21,E_amb_los17,3
22,E_amb_los17,5
23,E_amb_los17,3
24,E_amb_los17,3
26,E_amb_los17,2
28,E_amb_los17,4
29,E_amb_los17,3
30,E_amb_los17,1
31,E_amb_los17,3
32,E_amb_los17,1
33,E_amb_los17,3
34,E_amb_los17,2
35,E_amb_los17,3
36,E_amb_los17,4
37,E_amb_los17,3
38,E_amb_los17,3
39,E_amb_los17,3
40,E_amb_los17,2
41,E_amb_los17,3
42,E_amb_los17,4
45,E_amb_los17,2
46,E_amb_los17,3
47,E_amb_los17,3
48,E_amb_los17,3
49,E_amb_los17,2
50,E_amb_los17,3
51,E_amb_los17,3
52,E_amb_los17,3
53,E_amb_los17,2
54,E_amb_los17,4
55,E_amb_los17,4
56,E_amb_los17,2
57,E_amb_los17,3
58,E_amb_los17,3
59,E_amb_los17,3
60,E_amb_los17,3
61,E_amb_los17,5
62,E_amb_los17,3
63,E_amb_los17,3
64,E_amb_los17,3
65,E_amb_los17,3
11,E_amb_los2,2
12,E_amb_los2,5
13,E_amb_los2,3
15,E_amb_los2,4
18,E_amb_los2,4
20,E_amb_los2,3
21,E_amb_los2,5
22,E_amb_los2,1
23,E_amb_los2,2
24,E_amb_los2,2
26,E_amb_los2,2
28,E_amb_los2,2
29,E_amb_los2,5
30,E_amb_los2,3
31,E_amb_los2,2
32,E_amb_los2,1
33,E_amb_los2,3
34,E_amb_los2,3
35,E_amb_los2,3
36,E_amb_los2,4
37,E_amb_los2,3
38,E_amb_los2,2
39,E_amb_los2,3
40,E_amb_los2,3
41,E_amb_los2,5
42,E_amb_los2,3
45,E_amb_los2,4
46,E_amb_los2,3
47,E_amb_los2,4
48,E_amb_los2,4
49,E_amb_los2,3
50,E_amb_los2,4
51,E_amb_los2,2
52,E_amb_los2,3
53,E_amb_los2,3
54,E_amb_los2,4
55,E_amb_los2,5
56,E_amb_los2,3
57,E_amb_los2,4
58,E_amb_los2,3
59,E_amb_los2,4
60,E_amb_los2,2
61,E_amb_los2,5
62,E_amb_los2,3
63,E_amb_los2,3
64,E_amb_los2,1
65,E_amb_los2,2
11,E_amb_los22,4
12,E_amb_los22,5
13,E_amb_los22,2
15,E_amb_los22,4
18,E_amb_los22,5
20,E_amb_los22,5
21,E_amb_los22,2
22,E_amb_los22,2
23,E_amb_los22,2
24,E_amb_los22,2
26,E_amb_los22,4
28,E_amb_los22,5
29,E_amb_los22,5
30,E_amb_los22,2
31,E_amb_los22,3
32,E_amb_los22,5
33,E_amb_los22,2
34,E_amb_los22,4
35,E_amb_los22,3
36,E_amb_los22,4
37,E_amb_los22,3
38,E_amb_los22,3
39,E_amb_los22,4
40,E_amb_los22,1
41,E_amb_los22,4
42,E_amb_los22,2
45,E_amb_los22,5
46,E_amb_los22,1
47,E_amb_los22,2
48,E_amb_los22,4
49,E_amb_los22,1
50,E_amb_los22,3
51,E_amb_los22,5
52,E_amb_los22,2
53,E_amb_los22,4
54,E_amb_los22,4
55,E_amb_los22,4
56,E_amb_los22,3
57,E_amb_los22,4
58,E_amb_los22,4
59,E_amb_los22,2
60,E_amb_los22,2
61,E_amb_los22,2
62,E_amb_los22,3
63,E_amb_los22,4
64,E_amb_los22,1
65,E_amb_los22,3
11,E_amb_vic12,2
12,E_amb_vic12,5
13,E_amb_vic12,1
15,E_amb_vic12,3
18,E_amb_vic12,1
20,E_amb_vic12,2
21,E_amb_vic12,1
22,E_amb_vic12,1
23,E_amb_vic12,1
24,E_amb_vic12,3
26,E_amb_vic12,4
28,E_amb_vic12,1
29,E_amb_vic12,1
30,E_amb_vic12,2
31,E_amb_vic12,2
32,E_amb_vic12,5
33,E_amb_vic12,3
34,E_amb_vic12,4
35,E_amb_vic12,3
36,E_amb_vic12,3
37,E_amb_vic12,1
38,E_amb_vic12,2
39,E_amb_vic12,2
40,E_amb_vic12,3
41,E_amb_vic12,4
42,E_amb_vic12,2
45,E_amb_vic12,2
46,E_amb_vic12,3
47,E_amb_vic12,3
48,E_amb_vic12,2
49,E_amb_vic12,1
50,E_amb_vic12,2
51,E_amb_vic12,1
52,E_amb_vic12,2
53,E_amb_vic12,2
54,E_amb_vic12,4
55,E_amb_vic12,4
56,E_amb_vic12,1
57,E_amb_vic12,2
58,E_amb_vic12,4
59,E_amb_vic12,3
60,E_amb_vic12,1
61,E_amb_vic12,1
62,E_amb_vic12,2
63,E_amb_vic12,2
64,E_amb_vic12,1
65,E_amb_vic12,1
11,E_amb_vic13,3
12,E_amb_vic13,4
13,E_amb_vic13,2
15,E_amb_vic13,2
18,E_amb_vic13,5
20,E_amb_vic13,2
21,E_amb_vic13,2
22,E_amb_vic13,1
23,E_amb_vic13,2
24,E_amb_vic13,1
26,E_amb_vic13,2
28,E_amb_vic13,2
29,E_amb_vic13,1
30,E_amb_vic13,2
31,E_amb_vic13,3
32,E_amb_vic13,1
33,E_amb_vic13,3
34,E_amb_vic13,4
35,E_amb_vic13,2
36,E_amb_vic13,4
37,E_amb_vic13,3
38,E_amb_vic13,2
39,E_amb_vic13,2
40,E_amb_vic13,5
41,E_amb_vic13,2
42,E_amb_vic13,2
45,E_amb_vic13,4
46,E_amb_vic13,3
47,E_amb_vic13,3
48,E_amb_vic13,2
49,E_amb_vic13,1
50,E_amb_vic13,4
51,E_amb_vic13,1
52,E_amb_vic13,3
53,E_amb_vic13,4
54,E_amb_vic13,4
55,E_amb_vic13,5
56,E_amb_vic13,2
57,E_amb_vic13,3
58,E_amb_vic13,4
59,E_amb_vic13,2
60,E_amb_vic13,4
61,E_amb_vic13,1
62,E_amb_vic13,2
63,E_amb_vic13,1
64,E_amb_vic13,1
65,E_amb_vic13,2
11,E_amb_vic21,3
12,E_amb_vic21,5
13,E_amb_vic21,4
15,E_amb_vic21,5
18,E_amb_vic21,5
20,E_amb_vic21,5
21,E_amb_vic21,5
22,E_amb_vic21,5
23,E_amb_vic21,4
24,E_amb_vic21,5
26,E_amb_vic21,4
28,E_amb_vic21,5
29,E_amb_vic21,5
30,E_amb_vic21,5
31,E_amb_vic21,4
32,E_amb_vic21,5
33,E_amb_vic21,4
34,E_amb_vic21,3
35,E_amb_vic21,3
36,E_amb_vic21,4
37,E_amb_vic21,3
38,E_amb_vic21,5
39,E_amb_vic21,4
40,E_amb_vic21,5
41,E_amb_vic21,5
42,E_amb_vic21,4
45,E_amb_vic21,3
46,E_amb_vic21,3
47,E_amb_vic21,3
48,E_amb_vic21,5
49,E_amb_vic21,3
50,E_amb_vic21,4
51,E_amb_vic21,5
52,E_amb_vic21,3
53,E_amb_vic21,4
54,E_amb_vic21,4
55,E_amb_vic21,5
56,E_amb_vic21,4
57,E_amb_vic21,5
58,E_amb_vic21,3
59,E_amb_vic21,4
60,E_amb_vic21,4
61,E_amb_vic21,5
62,E_amb_vic21,3
63,E_amb_vic21,4
64,E_amb_vic21,4
65,E_amb_vic21,4
11,E_amb_vic22,4
12,E_amb_vic22,5
13,E_amb_vic22,4
15,E_amb_vic22,3
18,E_amb_vic22,2
20,E_amb_vic22,3
21,E_amb_vic22,3
22,E_amb_vic22,5
23,E_amb_vic22,2
24,E_amb_vic22,2
26,E_amb_vic22,1
28,E_amb_vic22,3
29,E_amb_vic22,1
30,E_amb_vic22,2
31,E_amb_vic22,3
32,E_amb_vic22,1
33,E_amb_vic22,5
34,E_amb_vic22,5
35,E_amb_vic22,4
36,E_amb_vic22,4
37,E_amb_vic22,1
38,E_amb_vic22,3
39,E_amb_vic22,2
40,E_amb_vic22,2
41,E_amb_vic22,4
42,E_amb_vic22,3
45,E_amb_vic22,3
46,E_amb_vic22,2
47,E_amb_vic22,3
48,E_amb_vic22,4
49,E_amb_vic22,2
50,E_amb_vic22,2
51,E_amb_vic22,3
52,E_amb_vic22,2
53,E_amb_vic22,2
54,E_amb_vic22,5
55,E_amb_vic22,4
56,E_amb_vic22,3
57,E_amb_vic22,3
58,E_amb_vic22,3
59,E_amb_vic22,2
60,E_amb_vic22,2
61,E_amb_vic22,4
62,E_amb_vic22,3
63,E_amb_vic22,3
64,E_amb_vic22,1
65,E_amb_vic22,4
11,E_amb_vic23,5
12,E_amb_vic23,5
13,E_amb_vic23,4
15,E_amb_vic23,4
18,E_amb_vic23,5
20,E_amb_vic23,4
21,E_amb_vic23,3
22,E_amb_vic23,5
23,E_amb_vic23,3
24,E_amb_vic23,4
26,E_amb_vic23,5
28,E_amb_vic23,5
29,E_amb_vic23,5
30,E_amb_vic23,5
31,E_amb_vic23,4
32,E_amb_vic23,5
33,E_amb_vic23,5
34,E_amb_vic23,3
35,E_amb_vic23,4
36,E_amb_vic23,4
37,E_amb_vic23,4
38,E_amb_vic23,4
39,E_amb_vic23,5
40,E_amb_vic23,5
41,E_amb_vic23,5
42,E_amb_vic23,4
45,E_amb_vic23,2
46,E_amb_vic23,4
47,E_amb_vic23,4
48,E_amb_vic23,4
49,E_amb_vic23,4
50,E_amb_vic23,4
51,E_amb_vic23,5
52,E_amb_vic23,3
53,E_amb_vic23,4
54,E_amb_vic23,4
55,E_amb_vic23,4
56,E_amb_vic23,5
57,E_amb_vic23,5
58,E_amb_vic23,5
59,E_amb_vic23,3
60,E_amb_vic23,4
61,E_amb_vic23,5
62,E_amb_vic23,3
63,E_amb_vic23,4
64,E_amb_vic23,4
65,E_amb_vic23,4
11,E_amb_vic25,4
12,E_amb_vic25,5
13,E_amb_vic25,4
15,E_amb_vic25,4
18,E_amb_vic25,3
20,E_amb_vic25,4
21,E_amb_vic25,5
22,E_amb_vic25,5
23,E_amb_vic25,3
24,E_amb_vic25,2
26,E_amb_vic25,5
28,E_amb_vic25,5
29,E_amb_vic25,5
30,E_amb_vic25,4
31,E_amb_vic25,4
32,E_amb_vic25,5
33,E_amb_vic25,4
34,E_amb_vic25,3
35,E_amb_vic25,4
36,E_amb_vic25,4
37,E_amb_vic25,1
38,E_amb_vic25,4
39,E_amb_vic25,4
40,E_amb_vic25,3
41,E_amb_vic25,4
42,E_amb_vic25,3
45,E_amb_vic25,4
46,E_amb_vic25,3
47,E_amb_vic25,5
48,E_amb_vic25,4
49,E_amb_vic25,3
50,E_amb_vic25,4
51,E_amb_vic25,1
52,E_amb_vic25,2
53,E_amb_vic25,3
54,E_amb_vic25,4
55,E_amb_vic25,5
56,E_amb_vic25,4
57,E_amb_vic25,3
58,E_amb_vic25,4
59,E_amb_vic25,3
60,E_amb_vic25,4
61,E_amb_vic25,3
62,E_amb_vic25,3
63,E_amb_vic25,5
64,E_amb_vic25,2
65,E_amb_vic25,5
11,E_amb_vic26,2
12,E_amb_vic26,5
13,E_amb_vic26,4
15,E_amb_vic26,4
18,E_amb_vic26,2
20,E_amb_vic26,5
21,E_amb_vic26,4
22,E_amb_vic26,5
23,E_amb_vic26,4
24,E_amb_vic26,5
26,E_amb_vic26,5
28,E_amb_vic26,5
29,E_amb_vic26,1
30,E_amb_vic26,3
31,E_amb_vic26,2
32,E_amb_vic26,1
33,E_amb_vic26,2
34,E_amb_vic26,5
35,E_amb_vic26,4
36,E_amb_vic26,4
37,E_amb_vic26,5
38,E_amb_vic26,3
39,E_amb_vic26,4
40,E_amb_vic26,5
41,E_amb_vic26,4
42,E_amb_vic26,3
45,E_amb_vic26,3
46,E_amb_vic26,4
47,E_amb_vic26,3
48,E_amb_vic26,4
49,E_amb_vic26,4
50,E_amb_vic26,4
51,E_amb_vic26,5
52,E_amb_vic26,3
53,E_amb_vic26,2
54,E_amb_vic26,5
55,E_amb_vic26,5
56,E_amb_vic26,3
57,E_amb_vic26,4
58,E_amb_vic26,4
59,E_amb_vic26,3
60,E_amb_vic26,3
61,E_amb_vic26,5
62,E_amb_vic26,3
63,E_amb_vic26,5
64,E_amb_vic26,4
65,E_amb_vic26,5
11,E_amb_vic28,3
12,E_amb_vic28,5
13,E_amb_vic28,4
15,E_amb_vic28,3
18,E_amb_vic28,3
20,E_amb_vic28,3
21,E_amb_vic28,3
22,E_amb_vic28,3
23,E_amb_vic28,3
24,E_amb_vic28,3
26,E_amb_vic28,4
28,E_amb_vic28,5
29,E_amb_vic28,5
30,E_amb_vic28,4
31,E_amb_vic28,4
32,E_amb_vic28,1
33,E_amb_vic28,5
34,E_amb_vic28,2
35,E_amb_vic28,4
36,E_amb_vic28,2
37,E_amb_vic28,5
38,E_amb_vic28,3
39,E_amb_vic28,3
40,E_amb_vic28,3
41,E_amb_vic28,5
42,E_amb_vic28,4
45,E_amb_vic28,4
46,E_amb_vic28,3
47,E_amb_vic28,2
48,E_amb_vic28,3
49,E_amb_vic28,3
50,E_amb_vic28,3
51,E_amb_vic28,2
52,E_amb_vic28,3
53,E_amb_vic28,2
54,E_amb_vic28,4
55,E_amb_vic28,5
56,E_amb_vic28,4
57,E_amb_vic28,4
58,E_amb_vic28,4
59,E_amb_vic28,3
60,E_amb_vic28,3
61,E_amb_vic28,5
62,E_amb_vic28,3
63,E_amb_vic28,4
64,E_amb_vic28,5
65,E_amb_vic28,3
11,E_amb_vic29,3
12,E_amb_vic29,5
13,E_amb_vic29,4
15,E_amb_vic29,4
18,E_amb_vic29,3
20,E_amb_vic29,3
21,E_amb_vic29,3
22,E_amb_vic29,5
23,E_amb_vic29,2
24,E_amb_vic29,4
26,E_amb_vic29,1
28,E_amb_vic29,5
29,E_amb_vic29,1
30,E_amb_vic29,5
31,E_amb_vic29,4
32,E_amb_vic29,1
33,E_amb_vic29,4
34,E_amb_vic29,5
35,E_amb_vic29,4
36,E_amb_vic29,3
37,E_amb_vic29,4
38,E_amb_vic29,3
39,E_amb_vic29,4
40,E_amb_vic29,2
41,E_amb_vic29,5
42,E_amb_vic29,3
45,E_amb_vic29,1
46,E_amb_vic29,3
47,E_amb_vic29,3
48,E_amb_vic29,3
49,E_amb_vic29,5
50,E_amb_vic29,3
51,E_amb_vic29,3
52,E_amb_vic29,3
53,E_amb_vic29,3
54,E_amb_vic29,4
55,E_amb_vic29,4
56,E_amb_vic29,4
57,E_amb_vic29,4
58,E_amb_vic29,3
59,E_amb_vic29,3
60,E_amb_vic29,3
61,E_amb_vic29,4
62,E_amb_vic29,3
63,E_amb_vic29,4
64,E_amb_vic29,3
65,E_amb_vic29,3
11,E_amb_vic31,1
12,E_amb_vic31,1
13,E_amb_vic31,2
15,E_amb_vic31,3
18,E_amb_vic31,2
20,E_amb_vic31,3
21,E_amb_vic31,1
22,E_amb_vic31,2
23,E_amb_vic31,1
24,E_amb_vic31,2
26,E_amb_vic31,2
28,E_amb_vic31,1
29,E_amb_vic31,1
30,E_amb_vic31,1
31,E_amb_vic31,3
32,E_amb_vic31,1
33,E_amb_vic31,3
34,E_amb_vic31,5
35,E_amb_vic31,3
36,E_amb_vic31,2
37,E_amb_vic31,2
38,E_amb_vic31,3
39,E_amb_vic31,3
40,E_amb_vic31,1
41,E_amb_vic31,2
42,E_amb_vic31,3
45,E_amb_vic31,3
46,E_amb_vic31,3
47,E_amb_vic31,3
48,E_amb_vic31,2
49,E_amb_vic31,2
50,E_amb_vic31,2
51,E_amb_vic31,1
52,E_amb_vic31,2
53,E_amb_vic31,2
54,E_amb_vic31,2
55,E_amb_vic31,2
56,E_amb_vic31,1
57,E_amb_vic31,2
58,E_amb_vic31,2
59,E_amb_vic31,2
60,E_amb_vic31,1
61,E_amb_vic31,3
62,E_amb_vic31,3
63,E_amb_vic31,3
64,E_amb_vic31,3
65,E_amb_vic31,2
11,E_amb_vic32,5
12,E_amb_vic32,5
13,E_amb_vic32,5
15,E_amb_vic32,5
18,E_amb_vic32,2
20,E_amb_vic32,5
21,E_amb_vic32,5
22,E_amb_vic32,1
23,E_amb_vic32,2
24,E_amb_vic32,5
26,E_amb_vic32,5
28,E_amb_vic32,5
29,E_amb_vic32,5
30,E_amb_vic32,3
31,E_amb_vic32,3
32,E_amb_vic32,5
33,E_amb_vic32,3
34,E_amb_vic32,5
35,E_amb_vic32,5
36,E_amb_vic32,4
37,E_amb_vic32,3
38,E_amb_vic32,4
39,E_amb_vic32,5
40,E_amb_vic32,5
41,E_amb_vic32,4
42,E_amb_vic32,4
45,E_amb_vic32,4
46,E_amb_vic32,3
47,E_amb_vic32,3
48,E_amb_vic32,4
49,E_amb_vic32,3
50,E_amb_vic32,4
51,E_amb_vic32,5
52,E_amb_vic32,4
53,E_amb_vic32,3
54,E_amb_vic32,4
55,E_amb_vic32,5
56,E_amb_vic32,4
57,E_amb_vic32,5
58,E_amb_vic32,5
59,E_amb_vic32,3
60,E_amb_vic32,4
61,E_amb_vic32,5
62,E_amb_vic32,3
63,E_amb_vic32,5
64,E_amb_vic32,2
65,E_amb_vic32,4
11,E_amb_vic8,2
12,E_amb_vic8,3
13,E_amb_vic8,3
15,E_amb_vic8,4
18,E_amb_vic8,2
20,E_amb_vic8,5
21,E_amb_vic8,3
22,E_amb_vic8,4
23,E_amb_vic8,1
24,E_amb_vic8,2
26,E_amb_vic8,2
28,E_amb_vic8,2
29,E_amb_vic8,1
30,E_amb_vic8,3
31,E_amb_vic8,2
32,E_amb_vic8,1
33,E_amb_vic8,3
34,E_amb_vic8,5
35,E_amb_vic8,3
36,E_amb_vic8,4
37,E_amb_vic8,4
38,E_amb_vic8,2
39,E_amb_vic8,3
40,E_amb_vic8,3
41,E_amb_vic8,3
42,E_amb_vic8,2
45,E_amb_vic8,3
46,E_amb_vic8,3
47,E_amb_vic8,4
48,E_amb_vic8,2
49,E_amb_vic8,2
50,E_amb_vic8,2
51,E_amb_vic8,1
52,E_amb_vic8,3
53,E_amb_vic8,2
54,E_amb_vic8,5
55,E_amb_vic8,5
56,E_amb_vic8,2
57,E_amb_vic8,3
58,E_amb_vic8,3
59,E_amb_vic8,4
60,E_amb_vic8,4
61,E_amb_vic8,4
62,E_amb_vic8,3
63,E_amb_vic8,2
64,E_amb_vic8,4
65,E_amb_vic8,2
11,E_amb_vic9,4
12,E_amb_vic9,5
13,E_amb_vic9,5
15,E_amb_vic9,4
18,E_amb_vic9,2
20,E_amb_vic9,4
21,E_amb_vic9,5
22,E_amb_vic9,5
23,E_amb_vic9,3
24,E_amb_vic9,4
26,E_amb_vic9,4
28,E_amb_vic9,5
29,E_amb_vic9,5
30,E_amb_vic9,3
31,E_amb_vic9,3
32,E_amb_vic9,1
33,E_amb_vic9,3
34,E_amb_vic9,2
35,E_amb_vic9,3
36,E_amb_vic9,4
37,E_amb_vic9,5
38,E_amb_vic9,3
39,E_amb_vic9,4
40,E_amb_vic9,3
41,E_amb_vic9,4
42,E_amb_vic9,3
45,E_amb_vic9,4
46,E_amb_vic9,3
47,E_amb_vic9,4
48,E_amb_vic9,4
49,E_amb_vic9,3
50,E_amb_vic9,5
51,E_amb_vic9,5
52,E_amb_vic9,3
53,E_amb_vic9,3
54,E_amb_vic9,4
55,E_amb_vic9,4
56,E_amb_vic9,3
57,E_amb_vic9,3
58,E_amb_vic9,4
59,E_amb_vic9,3
60,E_amb_vic9,3
61,E_amb_vic9,2
62,E_amb_vic9,3
63,E_amb_vic9,4
64,E_amb_vic9,4
65,E_amb_vic9,3
11,E_los1,1
12,E_los1,1
13,E_los1,1
15,E_los1,2
18,E_los1,1
20,E_los1,2
21,E_los1,1
22,E_los1,1
23,E_los1,1
24,E_los1,2
26,E_los1,2
28,E_los1,2
29,E_los1,1
30,E_los1,1
31,E_los1,2
32,E_los1,1
33,E_los1,3
34,E_los1,1
35,E_los1,2
36,E_los1,1
37,E_los1,1
38,E_los1,2
39,E_los1,2
40,E_los1,5
41,E_los1,1
42,E_los1,1
45,E_los1,2
46,E_los1,2
47,E_los1,2
48,E_los1,2
49,E_los1,2
50,E_los1,3
51,E_los1,1
52,E_los1,2
53,E_los1,3
54,E_los1,2
55,E_los1,2
56,E_los1,2
57,E_los1,1
58,E_los1,2
59,E_los1,2
60,E_los1,1
61,E_los1,1
62,E_los1,3
63,E_los1,1
64,E_los1,1
65,E_los1,2
11,E_los10,2
12,E_los10,2
13,E_los10,2
15,E_los10,2
18,E_los10,1
20,E_los10,1
21,E_los10,1
22,E_los10,1
23,E_los10,1
24,E_los10,1
26,E_los10,1
28,E_los10,5
29,E_los10,1
30,E_los10,1
31,E_los10,2
32,E_los10,1
33,E_los10,4
34,E_los10,4
35,E_los10,3
36,E_los10,3
37,E_los10,1
38,E_los10,2
39,E_los10,1
40,E_los10,3
41,E_los10,2
42,E_los10,1
45,E_los10,3
46,E_los10,3
47,E_los10,3
48,E_los10,2
49,E_los10,1
50,E_los10,2
51,E_los10,1
52,E_los10,2
53,E_los10,2
54,E_los10,2
55,E_los10,5
56,E_los10,1
57,E_los10,1
58,E_los10,2
59,E_los10,2
60,E_los10,1
61,E_los10,1
62,E_los10,2
63,E_los10,1
64,E_los10,1
65,E_los10,1
11,E_los11,2
12,E_los11,5
13,E_los11,2
15,E_los11,2
18,E_los11,1
20,E_los11,3
21,E_los11,1
22,E_los11,1
23,E_los11,1
24,E_los11,2
26,E_los11,2
28,E_los11,1
29,E_los11,1
30,E_los11,1
31,E_los11,3
32,E_los11,1
33,E_los11,4
34,E_los11,3
35,E_los11,3
36,E_los11,2
37,E_los11,3
38,E_los11,2
39,E_los11,2
40,E_los11,3
41,E_los11,3
42,E_los11,2
45,E_los11,5
46,E_los11,3
47,E_los11,3
48,E_los11,2
49,E_los11,1
50,E_los11,1
51,E_los11,1
52,E_los11,2
53,E_los11,2
54,E_los11,2
55,E_los11,4
56,E_los11,2
57,E_los11,3
58,E_los11,3
59,E_los11,2
60,E_los11,1
61,E_los11,1
62,E_los11,2
63,E_los11,1
64,E_los11,1
65,E_los11,2
11,E_los12,3
12,E_los12,2
13,E_los12,1
15,E_los12,2
18,E_los12,1
20,E_los12,2
21,E_los12,1
22,E_los12,1
23,E_los12,1
24,E_los12,1
26,E_los12,1
28,E_los12,1
29,E_los12,1
30,E_los12,1
31,E_los12,3
32,E_los12,1
33,E_los12,1
34,E_los12,1
35,E_los12,2
36,E_los12,3
37,E_los12,1
38,E_los12,2
39,E_los12,2
40,E_los12,4
41,E_los12,2
42,E_los12,2
45,E_los12,5
46,E_los12,3
47,E_los12,3
48,E_los12,2
49,E_los12,1
50,E_los12,3
51,E_los12,1
52,E_los12,3
53,E_los12,1
54,E_los12,1
55,E_los12,5
56,E_los12,1
57,E_los12,1
58,E_los12,2
59,E_los12,2
60,E_los12,1
61,E_los12,1
62,E_los12,2
63,E_los12,2
64,E_los12,1
65,E_los12,1
11,E_los13,2
12,E_los13,2
13,E_los13,1
15,E_los13,2
18,E_los13,1
20,E_los13,2
21,E_los13,1
22,E_los13,2
23,E_los13,1
24,E_los13,1
26,E_los13,1
28,E_los13,2
29,E_los13,1
30,E_los13,1
31,E_los13,2
32,E_los13,1
33,E_los13,3
34,E_los13,5
35,E_los13,2
36,E_los13,3
37,E_los13,1
38,E_los13,2
39,E_los13,1
40,E_los13,1
41,E_los13,1
42,E_los13,1
45,E_los13,3
46,E_los13,2
47,E_los13,3
48,E_los13,2
49,E_los13,1
50,E_los13,2
51,E_los13,1
52,E_los13,3
53,E_los13,2
54,E_los13,2
55,E_los13,5
56,E_los13,2
57,E_los13,3
58,E_los13,3
59,E_los13,2
60,E_los13,1
61,E_los13,1
62,E_los13,2
63,E_los13,1
64,E_los13,1
65,E_los13,1
11,E_los17,2
12,E_los17,2
13,E_los17,2
15,E_los17,2
18,E_los17,1
20,E_los17,2
21,E_los17,1
22,E_los17,1
23,E_los17,1
24,E_los17,2
26,E_los17,2
28,E_los17,2
29,E_los17,1
30,E_los17,1
31,E_los17,2
32,E_los17,1
33,E_los17,5
34,E_los17,5
35,E_los17,2
36,E_los17,2
37,E_los17,1
38,E_los17,3
39,E_los17,2
40,E_los17,1
41,E_los17,3
42,E_los17,2
45,E_los17,1
46,E_los17,2
47,E_los17,3
48,E_los17,2
49,E_los17,1
50,E_los17,3
51,E_los17,1
52,E_los17,2
53,E_los17,2
54,E_los17,2
55,E_los17,2
56,E_los17,2
57,E_los17,1
58,E_los17,2
59,E_los17,3
60,E_los17,1
61,E_los17,1
62,E_los17,2
63,E_los17,3
64,E_los17,2
65,E_los17,1
11,E_los18,3
12,E_los18,4
13,E_los18,3
15,E_los18,3
18,E_los18,2
20,E_los18,3
21,E_los18,2
22,E_los18,4
23,E_los18,3
24,E_los18,3
26,E_los18,3
28,E_los18,3
29,E_los18,1
30,E_los18,2
31,E_los18,3
32,E_los18,3
33,E_los18,3
34,E_los18,2
35,E_los18,3
36,E_los18,3
37,E_los18,3
38,E_los18,4
39,E_los18,3
40,E_los18,2
41,E_los18,2
42,E_los18,3
45,E_los18,4
46,E_los18,3
47,E_los18,3
48,E_los18,3
49,E_los18,2
50,E_los18,3
51,E_los18,3
52,E_los18,4
53,E_los18,3
54,E_los18,3
55,E_los18,3
56,E_los18,3
57,E_los18,2
58,E_los18,3
59,E_los18,3
60,E_los18,3
61,E_los18,1
62,E_los18,3
63,E_los18,3
64,E_los18,3
65,E_los18,3
11,E_los19,2
12,E_los19,2
13,E_los19,2
15,E_los19,2
18,E_los19,2
20,E_los19,3
21,E_los19,2
22,E_los19,1
23,E_los19,1
24,E_los19,2
26,E_los19,2
28,E_los19,1
29,E_los19,1
30,E_los19,2
31,E_los19,2
32,E_los19,1
33,E_los19,3
34,E_los19,5
35,E_los19,3
36,E_los19,3
37,E_los19,2
38,E_los19,3
39,E_los19,2
40,E_los19,1
41,E_los19,3
42,E_los19,2
45,E_los19,4
46,E_los19,3
47,E_los19,2
48,E_los19,2
49,E_los19,2
50,E_los19,1
51,E_los19,2
52,E_los19,3
53,E_los19,2
54,E_los19,2
55,E_los19,2
56,E_los19,2
57,E_los19,2
58,E_los19,3
59,E_los19,2
60,E_los19,3
61,E_los19,2
62,E_los19,2
63,E_los19,2
64,E_los19,2
65,E_los19,2
11,E_los2,1
12,E_los2,5
13,E_los2,3
15,E_los2,2
18,E_los2,1
20,E_los2,2
21,E_los2,1
22,E_los2,1
23,E_los2,1
24,E_los2,2
26,E_los2,2
28,E_los2,3
29,E_los2,1
30,E_los2,1
31,E_los2,2
32,E_los2,1
33,E_los2,2
34,E_los2,2
35,E_los2,3
36,E_los2,1
37,E_los2,2
38,E_los2,2
39,E_los2,2
40,E_los2,1
41,E_los2,3
42,E_los2,2
45,E_los2,5
46,E_los2,3
47,E_los2,2
48,E_los2,2
49,E_los2,2
50,E_los2,1
51,E_los2,1
52,E_los2,2
53,E_los2,2
54,E_los2,2
55,E_los2,2
56,E_los2,2
57,E_los2,2
58,E_los2,3
59,E_los2,3
60,E_los2,1
61,E_los2,1
62,E_los2,2
63,E_los2,2
64,E_los2,1
65,E_los2,2
11,E_los21,2
12,E_los21,2
13,E_los21,2
15,E_los21,2
18,E_los21,1
20,E_los21,1
21,E_los21,1
22,E_los21,1
23,E_los21,2
24,E_los21,2
26,E_los21,1
28,E_los21,1
29,E_los21,1
30,E_los21,2
31,E_los21,3
32,E_los21,1
33,E_los21,3
34,E_los21,5
35,E_los21,2
36,E_los21,2
37,E_los21,2
38,E_los21,2
39,E_los21,2
40,E_los21,3
41,E_los21,2
42,E_los21,2
45,E_los21,5
46,E_los21,2
47,E_los21,2
48,E_los21,2
49,E_los21,1
50,E_los21,2
51,E_los21,1
52,E_los21,2
53,E_los21,2
54,E_los21,2
55,E_los21,4
56,E_los21,1
57,E_los21,1
58,E_los21,2
59,E_los21,2
60,E_los21,1
61,E_los21,1
62,E_los21,3
63,E_los21,2
64,E_los21,1
65,E_los21,1
11,E_los22,2
12,E_los22,2
13,E_los22,2
15,E_los22,2
18,E_los22,1
20,E_los22,2
21,E_los22,2
22,E_los22,1
23,E_los22,1
24,E_los22,2
26,E_los22,2
28,E_los22,1
29,E_los22,1
30,E_los22,2
31,E_los22,3
32,E_los22,1
33,E_los22,1
34,E_los22,5
35,E_los22,2
36,E_los22,3
37,E_los22,2
38,E_los22,3
39,E_los22,2
40,E_los22,2
41,E_los22,3
42,E_los22,2
45,E_los22,3
46,E_los22,3
47,E_los22,3
48,E_los22,2
49,E_los22,2
50,E_los22,3
51,E_los22,2
52,E_los22,3
53,E_los22,2
54,E_los22,2
55,E_los22,1
56,E_los22,2
57,E_los22,2
58,E_los22,3
59,E_los22,2
60,E_los22,3
61,E_los22,2
62,E_los22,2
63,E_los22,3
64,E_los22,2
65,E_los22,1
11,E_los23,4
12,E_los23,5
13,E_los23,2
15,E_los23,1
18,E_los23,2
20,E_los23,5
21,E_los23,4
22,E_los23,1
23,E_los23,1
24,E_los23,1
26,E_los23,2
28,E_los23,1
29,E_los23,3
30,E_los23,2
31,E_los23,3
32,E_los23,1
33,E_los23,3
34,E_los23,4
35,E_los23,5
36,E_los23,1
37,E_los23,2
38,E_los23,3
39,E_los23,2
40,E_los23,1
41,E_los23,1
42,E_los23,1
45,E_los23,2
46,E_los23,2
47,E_los23,2
48,E_los23,2
49,E_los23,2
50,E_los23,4
51,E_los23,1
52,E_los23,2
53,E_los23,2
54,E_los23,5
55,E_los23,4
56,E_los23,2
57,E_los23,1
58,E_los23,4
59,E_los23,2
60,E_los23,3
61,E_los23,1
62,E_los23,2
63,E_los23,1
64,E_los23,1
65,E_los23,1
11,E_los24,2
12,E_los24,2
13,E_los24,3
15,E_los24,3
18,E_los24,2
20,E_los24,1
21,E_los24,3
22,E_los24,1
23,E_los24,2
24,E_los24,2
26,E_los24,3
28,E_los24,4
29,E_los24,1
30,E_los24,3
31,E_los24,3
32,E_los24,1
33,E_los24,3
34,E_los24,3
35,E_los24,2
36,E_los24,2
37,E_los24,3
38,E_los24,3
39,E_los24,3
40,E_los24,2
41,E_los24,2
42,E_los24,2
45,E_los24,3
46,E_los24,3
47,E_los24,3
48,E_los24,2
49,E_los24,2
50,E_los24,2
51,E_los24,2
52,E_los24,3
53,E_los24,2
54,E_los24,3
55,E_los24,2
56,E_los24,3
57,E_los24,2
58,E_los24,3
59,E_los24,2
60,E_los24,2
61,E_los24,2
62,E_los24,3
63,E_los24,3
64,E_los24,1
65,E_los24,2
11,E_los25,2
12,E_los25,2
13,E_los25,2
15,E_los25,3
18,E_los25,5
20,E_los25,2
21,E_los25,5
22,E_los25,1
23,E_los25,1
24,E_los25,1
26,E_los25,2
28,E_los25,5
29,E_los25,1
30,E_los25,2
31,E_los25,3
32,E_los25,1
33,E_los25,3
34,E_los25,5
35,E_los25,2
36,E_los25,1
37,E_los25,1
38,E_los25,3
39,E_los25,2
40,E_los25,1
41,E_los25,1
42,E_los25,1
45,E_los25,3
46,E_los25,3
47,E_los25,2
48,E_los25,2
49,E_los25,1
50,E_los25,2
51,E_los25,1
52,E_los25,2
53,E_los25,2
54,E_los25,3
55,E_los25,4
56,E_los25,1
57,E_los25,2
58,E_los25,3
59,E_los25,2
60,E_los25,3
61,E_los25,5
62,E_los25,2
63,E_los25,2
64,E_los25,1
65,E_los25,1
11,E_los26,2
12,E_los26,3
13,E_los26,3
15,E_los26,2
18,E_los26,1
20,E_los26,2
21,E_los26,2
22,E_los26,5
23,E_los26,2
24,E_los26,2
26,E_los26,2
28,E_los26,1
29,E_los26,1
30,E_los26,3
31,E_los26,3
32,E_los26,1
33,E_los26,5
34,E_los26,4
35,E_los26,3
36,E_los26,1
37,E_los26,2
38,E_los26,2
39,E_los26,2
40,E_los26,3
41,E_los26,3
42,E_los26,2
45,E_los26,1
46,E_los26,2
47,E_los26,3
48,E_los26,2
49,E_los26,2
50,E_los26,3
51,E_los26,2
52,E_los26,3
53,E_los26,2
54,E_los26,3
55,E_los26,2
56,E_los26,2
57,E_los26,2
58,E_los26,2
59,E_los26,2
60,E_los26,2
61,E_los26,1
62,E_los26,2
63,E_los26,2
64,E_los26,3
65,E_los26,2
11,E_los27,1
12,E_los27,2
13,E_los27,1
15,E_los27,2
18,E_los27,2
20,E_los27,3
21,E_los27,2
22,E_los27,1
23,E_los27,1
24,E_los27,3
26,E_los27,2
28,E_los27,1
29,E_los27,1
30,E_los27,2
31,E_los27,3
32,E_los27,1
33,E_los27,3
34,E_los27,5
35,E_los27,2
36,E_los27,3
37,E_los27,1
38,E_los27,3
39,E_los27,3
40,E_los27,1
41,E_los27,1
42,E_los27,3
45,E_los27,5
46,E_los27,2
47,E_los27,2
48,E_los27,2
49,E_los27,1
50,E_los27,2
51,E_los27,1
52,E_los27,2
53,E_los27,1
54,E_los27,2
55,E_los27,2
56,E_los27,2
57,E_los27,2
58,E_los27,3
59,E_los27,2
60,E_los27,2
61,E_los27,2
62,E_los27,2
63,E_los27,2
64,E_los27,1
65,E_los27,2
11,E_los29,2
12,E_los29,3
13,E_los29,2
15,E_los29,2
18,E_los29,1
20,E_los29,1
21,E_los29,1
22,E_los29,3
23,E_los29,1
24,E_los29,2
26,E_los29,2
28,E_los29,1
29,E_los29,1
30,E_los29,3
31,E_los29,2
32,E_los29,1
33,E_los29,2
34,E_los29,4
35,E_los29,2
36,E_los29,1
37,E_los29,3
38,E_los29,2
39,E_los29,2
40,E_los29,2
41,E_los29,2
42,E_los29,2
45,E_los29,3
46,E_los29,3
47,E_los29,3
48,E_los29,2
49,E_los29,2
50,E_los29,3
51,E_los29,1
52,E_los29,2
53,E_los29,2
54,E_los29,1
55,E_los29,2
56,E_los29,2
57,E_los29,2
58,E_los29,3
59,E_los29,2
60,E_los29,1
61,E_los29,1
62,E_los29,2
63,E_los29,2
64,E_los29,1
65,E_los29,2
11,E_los30,3
12,E_los30,5
13,E_los30,3
15,E_los30,5
18,E_los30,2
20,E_los30,3
21,E_los30,2
22,E_los30,1
23,E_los30,2
24,E_los30,2
26,E_los30,4
28,E_los30,5
29,E_los30,5
30,E_los30,2
31,E_los30,3
32,E_los30,1
33,E_los30,4
34,E_los30,3
35,E_los30,3
36,E_los30,4
37,E_los30,4
38,E_los30,3
39,E_los30,5
40,E_los30,3
41,E_los30,2
42,E_los30,3
45,E_los30,3
46,E_los30,3
47,E_los30,3
48,E_los30,4
49,E_los30,2
50,E_los30,5
51,E_los30,5
52,E_los30,4
53,E_los30,3
54,E_los30,3
55,E_los30,4
56,E_los30,2
57,E_los30,3
58,E_los30,3
59,E_los30,2
60,E_los30,2
61,E_los30,4
62,E_los30,2
63,E_los30,5
64,E_los30,5
65,E_los30,2
11,E_los32,2
12,E_los32,2
13,E_los32,2
15,E_los32,3
18,E_los32,3
20,E_los32,3
21,E_los32,2
22,E_los32,2
23,E_los32,1
24,E_los32,2
26,E_los32,2
28,E_los32,1
29,E_los32,5
30,E_los32,3
31,E_los32,3
32,E_los32,2
33,E_los32,2
34,E_los32,4
35,E_los32,3
36,E_los32,2
37,E_los32,3
38,E_los32,3
39,E_los32,3
40,E_los32,3
41,E_los32,2
42,E_los32,2
45,E_los32,3
46,E_los32,3
47,E_los32,3
48,E_los32,3
49,E_los32,2
50,E_los32,3
51,E_los32,1
52,E_los32,3
53,E_los32,3
54,E_los32,3
55,E_los32,2
56,E_los32,4
57,E_los32,2
58,E_los32,3
59,E_los32,3
60,E_los32,1
61,E_los32,2
62,E_los32,3
63,E_los32,3
64,E_los32,3
65,E_los32,2
11,E_los33,1
12,E_los33,2
13,E_los33,2
15,E_los33,2
18,E_los33,1
20,E_los33,2
21,E_los33,2
22,E_los33,1
23,E_los33,1
24,E_los33,1
26,E_los33,2
28,E_los33,1
29,E_los33,1
30,E_los33,2
31,E_los33,2
32,E_los33,1
33,E_los33,2
34,E_los33,4
35,E_los33,2
36,E_los33,1
37,E_los33,2
38,E_los33,2
39,E_los33,2
40,E_los33,4
41,E_los33,3
42,E_los33,1
45,E_los33,5
46,E_los33,2
47,E_los33,3
48,E_los33,2
49,E_los33,1
50,E_los33,1
51,E_los33,1
52,E_los33,2
53,E_los33,2
54,E_los33,2
55,E_los33,2
56,E_los33,2
57,E_los33,1
58,E_los33,2
59,E_los33,2
60,E_los33,1
61,E_los33,1
62,E_los33,2
63,E_los33,2
64,E_los33,1
65,E_los33,1
11,E_los34,2
12,E_los34,4
13,E_los34,3
15,E_los34,2
18,E_los34,2
20,E_los34,4
21,E_los34,3
22,E_los34,2
23,E_los34,3
24,E_los34,3
26,E_los34,2
28,E_los34,5
29,E_los34,5
30,E_los34,3
31,E_los34,2
32,E_los34,1
33,E_los34,5
34,E_los34,5
35,E_los34,3
36,E_los34,4
37,E_los34,3
38,E_los34,3
39,E_los34,4
40,E_los34,3
41,E_los34,3
42,E_los34,3
45,E_los34,4
46,E_los34,3
47,E_los34,3
48,E_los34,3
49,E_los34,2
50,E_los34,3
51,E_los34,3
52,E_los34,3
53,E_los34,3
54,E_los34,3
55,E_los34,4
56,E_los34,4
57,E_los34,3
58,E_los34,3
59,E_los34,3
60,E_los34,3
61,E_los34,2
62,E_los34,3
63,E_los34,5
64,E_los34,4
65,E_los34,2
11,E_los35,4
12,E_los35,2
13,E_los35,2
15,E_los35,1
18,E_los35,2
20,E_los35,2
21,E_los35,2
22,E_los35,2
23,E_los35,1
24,E_los35,2
26,E_los35,2
28,E_los35,1
29,E_los35,1
30,E_los35,2
31,E_los35,3
32,E_los35,1
33,E_los35,3
34,E_los35,2
35,E_los35,2
36,E_los35,2
37,E_los35,1
38,E_los35,3
39,E_los35,2
40,E_los35,3
41,E_los35,3
42,E_los35,3
45,E_los35,5
46,E_los35,3
47,E_los35,3
48,E_los35,1
49,E_los35,2
50,E_los35,1
51,E_los35,1
52,E_los35,3
53,E_los35,2
54,E_los35,2
55,E_los35,2
56,E_los35,2
57,E_los35,1
58,E_los35,3
59,E_los35,2
60,E_los35,1
61,E_los35,2
62,E_los35,2
63,E_los35,3
64,E_los35,1
65,E_los35,1
11,E_los36,2
12,E_los36,2
13,E_los36,2
15,E_los36,2
18,E_los36,1
20,E_los36,2
21,E_los36,2
22,E_los36,1
23,E_los36,2
24,E_los36,2
26,E_los36,2
28,E_los36,2
29,E_los36,1
30,E_los36,2
31,E_los36,2
32,E_los36,1
33,E_los36,5
34,E_los36,4
35,E_los36,2
36,E_los36,2
37,E_los36,2
38,E_los36,2
39,E_los36,2
40,E_los36,3
41,E_los36,1
42,E_los36,2
45,E_los36,5
46,E_los36,3
47,E_los36,3
48,E_los36,2
49,E_los36,2
50,E_los36,4
51,E_los36,2
52,E_los36,3
53,E_los36,2
54,E_los36,4
55,E_los36,3
56,E_los36,2
57,E_los36,2
58,E_los36,2
59,E_los36,3
60,E_los36,1
61,E_los36,2
62,E_los36,2
63,E_los36,1
64,E_los36,2
65,E_los36,2
11,E_los39,1
12,E_los39,1
13,E_los39,3
15,E_los39,2
18,E_los39,1
20,E_los39,3
21,E_los39,1
22,E_los39,2
23,E_los39,1
24,E_los39,2
26,E_los39,2
28,E_los39,1
29,E_los39,1
30,E_los39,2
31,E_los39,2
32,E_los39,1
33,E_los39,4
34,E_los39,4
35,E_los39,4
36,E_los39,2
37,E_los39,2
38,E_los39,2
39,E_los39,2
40,E_los39,3
41,E_los39,2
42,E_los39,1
45,E_los39,3
46,E_los39,3
47,E_los39,2
48,E_los39,2
49,E_los39,2
50,E_los39,3
51,E_los39,1
52,E_los39,2
53,E_los39,2
54,E_los39,2
55,E_los39,3
56,E_los39,3
57,E_los39,2
58,E_los39,1
59,E_los39,2
60,E_los39,2
61,E_los39,2
62,E_los39,2
63,E_los39,2
64,E_los39,1
65,E_los39,2
11,E_los4,2
12,E_los4,1
13,E_los4,2
15,E_los4,2
18,E_los4,2
20,E_los4,3
21,E_los4,2
22,E_los4,3
23,E_los4,1
24,E_los4,2
26,E_los4,3
28,E_los4,2
29,E_los4,1
30,E_los4,2
31,E_los4,3
32,E_los4,1
33,E_los4,4
34,E_los4,2
35,E_los4,3
36,E_los4,1
37,E_los4,3
38,E_los4,3
39,E_los4,3
40,E_los4,1
41,E_los4,2
42,E_los4,3
45,E_los4,4
46,E_los4,2
47,E_los4,3
48,E_los4,3
49,E_los4,2
50,E_los4,3
51,E_los4,2
52,E_los4,3
53,E_los4,2
54,E_los4,2
55,E_los4,3
56,E_los4,2
57,E_los4,2
58,E_los4,3
59,E_los4,2
60,E_los4,2
61,E_los4,1
62,E_los4,3
63,E_los4,3
64,E_los4,3
65,E_los4,2
11,E_los41,1
12,E_los41,2
13,E_los41,2
15,E_los41,1
18,E_los41,1
20,E_los41,1
21,E_los41,1
22,E_los41,5
23,E_los41,2
24,E_los41,2
26,E_los41,2
28,E_los41,1
29,E_los41,3
30,E_los41,1
31,E_los41,2
32,E_los41,1
33,E_los41,3
34,E_los41,3
35,E_los41,3
36,E_los41,1
37,E_los41,1
38,E_los41,1
39,E_los41,2
40,E_los41,1
41,E_los41,1
42,E_los41,1
45,E_los41,3
46,E_los41,3
47,E_los41,2
48,E_los41,2
49,E_los41,2
50,E_los41,2
51,E_los41,1
52,E_los41,2
53,E_los41,2
54,E_los41,2
55,E_los41,5
56,E_los41,1
57,E_los41,2
58,E_los41,3
59,E_los41,1
60,E_los41,1
61,E_los41,1
62,E_los41,2
63,E_los41,1
64,E_los41,1
65,E_los41,1
11,E_los42,1
12,E_los42,2
13,E_los42,2
15,E_los42,3
18,E_los42,1
20,E_los42,2
21,E_los42,2
22,E_los42,1
23,E_los42,1
24,E_los42,2
26,E_los42,2
28,E_los42,1
29,E_los42,1
30,E_los42,2
31,E_los42,3
32,E_los42,1
33,E_los42,4
34,E_los42,4
35,E_los42,2
36,E_los42,1
37,E_los42,2
38,E_los42,2
39,E_los42,2
40,E_los42,3
41,E_los42,2
42,E_los42,2
45,E_los42,3
46,E_los42,2
47,E_los42,3
48,E_los42,2
49,E_los42,2
50,E_los42,2
51,E_los42,2
52,E_los42,2
53,E_los42,2
54,E_los42,1
55,E_los42,2
56,E_los42,2
57,E_los42,2
58,E_los42,3
59,E_los42,2
60,E_los42,2
61,E_los42,1
62,E_los42,2
63,E_los42,3
64,E_los42,1
65,E_los42,1
11,E_los43,2
12,E_los43,4
13,E_los43,3
15,E_los43,1
18,E_los43,1
20,E_los43,2
21,E_los43,3
22,E_los43,1
23,E_los43,1
24,E_los43,2
26,E_los43,1
28,E_los43,3
29,E_los43,1
30,E_los43,1
31,E_los43,2
32,E_los43,1
33,E_los43,3
34,E_los43,5
35,E_los43,3
36,E_los43,3
37,E_los43,1
38,E_los43,3
39,E_los43,2
40,E_los43,3
41,E_los43,3
42,E_los43,2
45,E_los43,3
46,E_los43,3
47,E_los43,4
48,E_los43,2
49,E_los43,3
50,E_los43,3
51,E_los43,1
52,E_los43,3
53,E_los43,2
54,E_los43,3
55,E_los43,5
56,E_los43,4
57,E_los43,3
58,E_los43,3
59,E_los43,2
60,E_los43,1
61,E_los43,1
62,E_los43,2
63,E_los43,3
64,E_los43,1
65,E_los43,2
11,E_los45,2
12,E_los45,2
13,E_los45,2
15,E_los45,2
18,E_los45,1
20,E_los45,1
21,E_los45,2
22,E_los45,1
23,E_los45,1
24,E_los45,1
26,E_los45,1
28,E_los45,1
29,E_los45,1
30,E_los45,2
31,E_los45,2
32,E_los45,1
33,E_los45,3
34,E_los45,4
35,E_los45,3
36,E_los45,1
37,E_los45,2
38,E_los45,2
39,E_los45,2
40,E_los45,1
41,E_los45,2
42,E_los45,2
45,E_los45,3
46,E_los45,2
47,E_los45,3
48,E_los45,2
49,E_los45,1
50,E_los45,1
51,E_los45,1
52,E_los45,2
53,E_los45,3
54,E_los45,2
55,E_los45,4
56,E_los45,1
57,E_los45,1
58,E_los45,2
59,E_los45,2
60,E_los45,2
61,E_los45,4
62,E_los45,2
63,E_los45,1
64,E_los45,1
65,E_los45,2
11,E_los47,1
12,E_los47,2
13,E_los47,3
15,E_los47,3
18,E_los47,3
20,E_los47,3
21,E_los47,2
22,E_los47,3
23,E_los47,2
24,E_los47,3
26,E_los47,3
28,E_los47,3
29,E_los47,1
30,E_los47,2
31,E_los47,3
32,E_los47,1
33,E_los47,2
34,E_los47,4
35,E_los47,3
36,E_los47,3
37,E_los47,3
38,E_los47,3
39,E_los47,3
40,E_los47,1
41,E_los47,3
42,E_los47,3
45,E_los47,3
46,E_los47,3
47,E_los47,3
48,E_los47,3
49,E_los47,3
50,E_los47,3
51,E_los47,3
52,E_los47,2
53,E_los47,2
54,E_los47,2
55,E_los47,4
56,E_los47,2
57,E_los47,3
58,E_los47,3
59,E_los47,3
60,E_los47,1
61,E_los47,1
62,E_los47,3
63,E_los47,3
64,E_los47,3
65,E_los47,2
11,E_los49,1
12,E_los49,3
13,E_los49,2
15,E_los49,3
18,E_los49,1
20,E_los49,2
21,E_los49,2
22,E_los49,2
23,E_los49,1
24,E_los49,2
26,E_los49,3
28,E_los49,1
29,E_los49,1
30,E_los49,2
31,E_los49,2
32,E_los49,1
33,E_los49,2
34,E_los49,5
35,E_los49,2
36,E_los49,1
37,E_los49,2
38,E_los49,3
39,E_los49,2
40,E_los49,3
41,E_los49,2
42,E_los49,1
45,E_los49,5
46,E_los49,2
47,E_los49,4
48,E_los49,2
49,E_los49,3
50,E_los49,3
51,E_los49,1
52,E_los49,2
53,E_los49,2
54,E_los49,2
55,E_los49,2
56,E_los49,2
57,E_los49,2
58,E_los49,2
59,E_los49,2
60,E_los49,2
61,E_los49,1
62,E_los49,2
63,E_los49,2
64,E_los49,1
65,E_los49,2
11,E_los5,1
12,E_los5,5
13,E_los5,2
15,E_los5,1
18,E_los5,1
20,E_los5,2
21,E_los5,1
22,E_los5,1
23,E_los5,1
24,E_los5,2
26,E_los5,1
28,E_los5,2
29,E_los5,1
30,E_los5,2
31,E_los5,3
32,E_los5,1
33,E_los5,4
34,E_los5,4
35,E_los5,2
36,E_los5,1
37,E_los5,1
38,E_los5,2
39,E_los5,2
40,E_los5,1
41,E_los5,3
42,E_los5,2
45,E_los5,4
46,E_los5,3
47,E_los5,3
48,E_los5,2
49,E_los5,1
50,E_los5,2
51,E_los5,1
52,E_los5,3
53,E_los5,3
54,E_los5,2
55,E_los5,4
56,E_los5,2
57,E_los5,1
58,E_los5,2
59,E_los5,2
60,E_los5,1
61,E_los5,1
62,E_los5,2
63,E_los5,2
64,E_los5,1
65,E_los5,1
11,E_los53,1
12,E_los53,1
13,E_los53,2
15,E_los53,2
18,E_los53,1
20,E_los53,2
21,E_los53,2
22,E_los53,1
23,E_los53,2
24,E_los53,2
26,E_los53,1
28,E_los53,1
29,E_los53,5
30,E_los53,2
31,E_los53,3
32,E_los53,1
33,E_los53,3
34,E_los53,2
35,E_los53,3
36,E_los53,3
37,E_los53,1
38,E_los53,3
39,E_los53,2
40,E_los53,1
41,E_los53,2
42,E_los53,2
45,E_los53,3
46,E_los53,2
47,E_los53,3
48,E_los53,2
49,E_los53,4
50,E_los53,3
51,E_los53,1
52,E_los53,3
53,E_los53,2
54,E_los53,2
55,E_los53,2
56,E_los53,2
57,E_los53,1
58,E_los53,2
59,E_los53,2
60,E_los53,1
61,E_los53,1
62,E_los53,2
63,E_los53,3
64,E_los53,1
65,E_los53,1
11,E_los56,3
12,E_los56,3
13,E_los56,3
15,E_los56,3
18,E_los56,4
20,E_los56,3
21,E_los56,1
22,E_los56,2
23,E_los56,2
24,E_los56,3
26,E_los56,3
28,E_los56,4
29,E_los56,1
30,E_los56,2
31,E_los56,2
32,E_los56,5
33,E_los56,2
34,E_los56,4
35,E_los56,3
36,E_los56,1
37,E_los56,3
38,E_los56,4
39,E_los56,3
40,E_los56,2
41,E_los56,3
42,E_los56,3
45,E_los56,3
46,E_los56,3
47,E_los56,1
48,E_los56,2
49,E_los56,2
50,E_los56,3
51,E_los56,2
52,E_los56,3
53,E_los56,3
54,E_los56,3
55,E_los56,3
56,E_los56,3
57,E_los56,3
58,E_los56,3
59,E_los56,2
60,E_los56,3
61,E_los56,2
62,E_los56,3
63,E_los56,3
64,E_los56,3
65,E_los56,3
11,E_los57,1
12,E_los57,3
13,E_los57,2
15,E_los57,3
18,E_los57,2
20,E_los57,3
21,E_los57,1
22,E_los57,2
23,E_los57,2
24,E_los57,2
26,E_los57,3
28,E_los57,2
29,E_los57,1
30,E_los57,2
31,E_los57,3
32,E_los57,1
33,E_los57,3
34,E_los57,5
35,E_los57,2
36,E_los57,1
37,E_los57,3
38,E_los57,3
39,E_los57,3
40,E_los57,3
41,E_los57,3
42,E_los57,2
45,E_los57,5
46,E_los57,2
47,E_los57,3
48,E_los57,2
49,E_los57,1
50,E_los57,2
51,E_los57,1
52,E_los57,3
53,E_los57,2
54,E_los57,2
55,E_los57,3
56,E_los57,2
57,E_los57,3
58,E_los57,3
59,E_los57,3
60,E_los57,3
61,E_los57,3
62,E_los57,2
63,E_los57,3
64,E_los57,2
65,E_los57,2
11,E_los6,2
12,E_los6,3
13,E_los6,1
15,E_los6,2
18,E_los6,1
20,E_los6,1
21,E_los6,1
22,E_los6,1
23,E_los6,1
24,E_los6,1
26,E_los6,1
28,E_los6,1
29,E_los6,1
30,E_los6,2
31,E_los6,4
32,E_los6,1
33,E_los6,3
34,E_los6,1
35,E_los6,2
36,E_los6,3
37,E_los6,1
38,E_los6,2
39,E_los6,2
40,E_los6,1
41,E_los6,3
42,E_los6,1
45,E_los6,2
46,E_los6,2
47,E_los6,2
48,E_los6,1
49,E_los6,1
50,E_los6,1
51,E_los6,1
52,E_los6,2
53,E_los6,2
54,E_los6,2
55,E_los6,5
56,E_los6,1
57,E_los6,2
58,E_los6,1
59,E_los6,2
60,E_los6,2
61,E_los6,4
62,E_los6,2
63,E_los6,1
64,E_los6,1
65,E_los6,1
11,E_los60,2
12,E_los60,2
13,E_los60,2
15,E_los60,2
18,E_los60,2
20,E_los60,1
21,E_los60,1
22,E_los60,5
23,E_los60,1
24,E_los60,2
26,E_los60,1
28,E_los60,1
29,E_los60,1
30,E_los60,2
31,E_los60,2
32,E_los60,5
33,E_los60,3
34,E_los60,4
35,E_los60,2
36,E_los60,3
37,E_los60,2
38,E_los60,2
39,E_los60,2
40,E_los60,1
41,E_los60,2
42,E_los60,2
45,E_los60,3
46,E_los60,3
47,E_los60,3
48,E_los60,2
49,E_los60,1
50,E_los60,3
51,E_los60,1
52,E_los60,2
53,E_los60,2
54,E_los60,2
55,E_los60,4
56,E_los60,2
57,E_los60,2
58,E_los60,2
59,E_los60,2
60,E_los60,2
61,E_los60,4
62,E_los60,2
63,E_los60,2
64,E_los60,1
65,E_los60,2
11,E_los61,2
12,E_los61,3
13,E_los61,1
15,E_los61,2
18,E_los61,1
20,E_los61,1
21,E_los61,1
22,E_los61,1
23,E_los61,1
24,E_los61,1
26,E_los61,2
28,E_los61,1
29,E_los61,3
30,E_los61,2
31,E_los61,3
32,E_los61,1
33,E_los61,2
34,E_los61,4
35,E_los61,2
36,E_los61,3
37,E_los61,1
38,E_los61,3
39,E_los61,2
40,E_los61,3
41,E_los61,4
42,E_los61,2
45,E_los61,3
46,E_los61,2
47,E_los61,2
48,E_los61,2
49,E_los61,1
50,E_los61,1
51,E_los61,1
52,E_los61,2
53,E_los61,2
54,E_los61,2
55,E_los61,5
56,E_los61,1
57,E_los61,2
58,E_los61,3
59,E_los61,2
60,E_los61,1
61,E_los61,1
62,E_los61,2
63,E_los61,1
64,E_los61,1
65,E_los61,2
11,E_los62,1
12,E_los62,2
13,E_los62,2
15,E_los62,2
18,E_los62,1
20,E_los62,2
21,E_los62,1
22,E_los62,1
23,E_los62,1
24,E_los62,1
26,E_los62,2
28,E_los62,1
29,E_los62,1
30,E_los62,1
31,E_los62,3
32,E_los62,1
33,E_los62,2
34,E_los62,4
35,E_los62,3
36,E_los62,1
37,E_los62,1
38,E_los62,2
39,E_los62,1
40,E_los62,2
41,E_los62,1
42,E_los62,2
45,E_los62,2
46,E_los62,2
47,E_los62,2
48,E_los62,1
49,E_los62,1
50,E_los62,1
51,E_los62,1
52,E_los62,3
53,E_los62,2
54,E_los62,2
55,E_los62,1
56,E_los62,1
57,E_los62,1
58,E_los62,1
59,E_los62,2
60,E_los62,1
61,E_los62,1
62,E_los62,2
63,E_los62,2
64,E_los62,1
65,E_los62,1
11,E_los7,2
12,E_los7,3
13,E_los7,3
15,E_los7,3
18,E_los7,3
20,E_los7,3
21,E_los7,2
22,E_los7,1
23,E_los7,3
24,E_los7,2
26,E_los7,1
28,E_los7,1
29,E_los7,1
30,E_los7,2
31,E_los7,3
32,E_los7,1
33,E_los7,2
34,E_los7,2
35,E_los7,4
36,E_los7,2
37,E_los7,3
38,E_los7,3
39,E_los7,3
40,E_los7,3
41,E_los7,2
42,E_los7,1
45,E_los7,3
46,E_los7,2
47,E_los7,3
48,E_los7,3
49,E_los7,2
50,E_los7,3
51,E_los7,2
52,E_los7,3
53,E_los7,3
54,E_los7,1
55,E_los7,2
56,E_los7,1
57,E_los7,3
58,E_los7,3
59,E_los7,2
60,E_los7,3
61,E_los7,2
62,E_los7,2
63,E_los7,3
64,E_los7,3
65,E_los7,2
11,E_los8,2
12,E_los8,5
13,E_los8,3
15,E_los8,2
18,E_los8,1
20,E_los8,3
21,E_los8,2
22,E_los8,1
23,E_los8,1
24,E_los8,2
26,E_los8,1
28,E_los8,1
29,E_los8,1
30,E_los8,2
31,E_los8,4
32,E_los8,1
33,E_los8,3
34,E_los8,2
35,E_los8,2
36,E_los8,1
37,E_los8,1
38,E_los8,2
39,E_los8,2
40,E_los8,1
41,E_los8,2
42,E_los8,2
45,E_los8,5
46,E_los8,2
47,E_los8,2
48,E_los8,2
49,E_los8,1
50,E_los8,1
51,E_los8,1
52,E_los8,3
53,E_los8,2
54,E_los8,2
55,E_los8,2
56,E_los8,2
57,E_los8,1
58,E_los8,1
59,E_los8,2
60,E_los8,1
61,E_los8,1
62,E_los8,2
63,E_los8,5
64,E_los8,1
65,E_los8,2
11,E_los9,2
12,E_los9,2
13,E_los9,1
15,E_los9,2
18,E_los9,2
20,E_los9,2
21,E_los9,1
22,E_los9,1
23,E_los9,3
24,E_los9,2
26,E_los9,3
28,E_los9,3
29,E_los9,1
30,E_los9,2
31,E_los9,3
32,E_los9,1
33,E_los9,2
34,E_los9,4
35,E_los9,3
36,E_los9,2
37,E_los9,1
38,E_los9,3
39,E_los9,2
40,E_los9,1
41,E_los9,1
42,E_los9,1
45,E_los9,3
46,E_los9,2
47,E_los9,3
48,E_los9,1
49,E_los9,2
50,E_los9,2
51,E_los9,1
52,E_los9,2
53,E_los9,2
54,E_los9,1
55,E_los9,2
56,E_los9,2
57,E_los9,3
58,E_los9,3
59,E_los9,1
60,E_los9,1
61,E_los9,1
62,E_los9,2
63,E_los9,3
64,E_los9,3
65,E_los9,2
11,E_win1,5
12,E_win1,5
13,E_win1,4
15,E_win1,5
18,E_win1,5
20,E_win1,5
21,E_win1,4
22,E_win1,5
23,E_win1,3
24,E_win1,5
26,E_win1,4
28,E_win1,5
29,E_win1,1
30,E_win1,3
31,E_win1,4
32,E_win1,5
33,E_win1,2
34,E_win1,1
35,E_win1,4
36,E_win1,1
37,E_win1,5
38,E_win1,4
39,E_win1,5
40,E_win1,5
41,E_win1,4
42,E_win1,3
45,E_win1,3
46,E_win1,3
47,E_win1,4
48,E_win1,4
49,E_win1,4
50,E_win1,4
51,E_win1,4
52,E_win1,4
53,E_win1,4
54,E_win1,4
55,E_win1,5
56,E_win1,4
57,E_win1,4
58,E_win1,4
59,E_win1,4
60,E_win1,4
61,E_win1,5
62,E_win1,3
63,E_win1,5
64,E_win1,4
65,E_win1,4
11,E_win10,2
12,E_win10,5
13,E_win10,5
15,E_win10,4
18,E_win10,4
20,E_win10,5
21,E_win10,4
22,E_win10,5
23,E_win10,4
24,E_win10,5
26,E_win10,4
28,E_win10,4
29,E_win10,5
30,E_win10,4
31,E_win10,3
32,E_win10,5
33,E_win10,4
34,E_win10,2
35,E_win10,4
36,E_win10,3
37,E_win10,3
38,E_win10,4
39,E_win10,3
40,E_win10,4
41,E_win10,4
42,E_win10,4
45,E_win10,4
46,E_win10,3
47,E_win10,3
48,E_win10,5
49,E_win10,4
50,E_win10,5
51,E_win10,5
52,E_win10,3
53,E_win10,3
54,E_win10,5
55,E_win10,4
56,E_win10,5
57,E_win10,5
58,E_win10,5
59,E_win10,3
60,E_win10,4
61,E_win10,5
62,E_win10,3
63,E_win10,5
64,E_win10,2
65,E_win10,4
11,E_win11,5
12,E_win11,5
13,E_win11,5
15,E_win11,5
18,E_win11,5
20,E_win11,5
21,E_win11,5
22,E_win11,1
23,E_win11,4
24,E_win11,5
26,E_win11,4
28,E_win11,5
29,E_win11,5
30,E_win11,4
31,E_win11,4
32,E_win11,5
33,E_win11,4
34,E_win11,5
35,E_win11,4
36,E_win11,4
37,E_win11,4
38,E_win11,4
39,E_win11,5
40,E_win11,5
41,E_win11,4
42,E_win11,4
45,E_win11,4
46,E_win11,3
47,E_win11,4
48,E_win11,4
49,E_win11,4
50,E_win11,5
51,E_win11,5
52,E_win11,3
53,E_win11,3
54,E_win11,4
55,E_win11,4
56,E_win11,4
57,E_win11,5
58,E_win11,4
59,E_win11,3
60,E_win11,5
61,E_win11,5
62,E_win11,3
63,E_win11,5
64,E_win11,5
65,E_win11,4
11,E_win12,4
12,E_win12,5
13,E_win12,5
15,E_win12,4
18,E_win12,5
20,E_win12,5
21,E_win12,4
22,E_win12,5
23,E_win12,3
24,E_win12,4
26,E_win12,4
28,E_win12,5
29,E_win12,5
30,E_win12,5
31,E_win12,4
32,E_win12,1
33,E_win12,4
34,E_win12,5
35,E_win12,4
36,E_win12,4
37,E_win12,4
38,E_win12,4
39,E_win12,4
40,E_win12,5
41,E_win12,4
42,E_win12,4
45,E_win12,2
46,E_win12,3
47,E_win12,4
48,E_win12,4
49,E_win12,3
50,E_win12,2
51,E_win12,5
52,E_win12,3
53,E_win12,4
54,E_win12,4
55,E_win12,4
56,E_win12,4
57,E_win12,4
58,E_win12,5
59,E_win12,4
60,E_win12,3
61,E_win12,5
62,E_win12,3
63,E_win12,5
64,E_win12,4
65,E_win12,4
11,E_win13,5
12,E_win13,5
13,E_win13,4
15,E_win13,5
18,E_win13,5
20,E_win13,5
21,E_win13,5
22,E_win13,5
23,E_win13,4
24,E_win13,5
26,E_win13,4
28,E_win13,5
29,E_win13,5
30,E_win13,4
31,E_win13,2
32,E_win13,5
33,E_win13,4
34,E_win13,3
35,E_win13,4
36,E_win13,4
37,E_win13,4
38,E_win13,4
39,E_win13,5
40,E_win13,5
41,E_win13,4
42,E_win13,4
45,E_win13,3
46,E_win13,4
47,E_win13,3
48,E_win13,2
49,E_win13,4
50,E_win13,5
51,E_win13,5
52,E_win13,4
53,E_win13,3
54,E_win13,4
55,E_win13,4
56,E_win13,4
57,E_win13,5
58,E_win13,5
59,E_win13,4
60,E_win13,4
61,E_win13,5
62,E_win13,3
63,E_win13,5
64,E_win13,5
65,E_win13,4
11,E_win14,5
12,E_win14,5
13,E_win14,5
15,E_win14,4
18,E_win14,5
20,E_win14,4
21,E_win14,5
22,E_win14,5
23,E_win14,4
24,E_win14,5
26,E_win14,5
28,E_win14,5
29,E_win14,5
30,E_win14,4
31,E_win14,3
32,E_win14,1
33,E_win14,5
34,E_win14,3
35,E_win14,4
36,E_win14,4
37,E_win14,4
38,E_win14,4
39,E_win14,4
40,E_win14,5
41,E_win14,5
42,E_win14,4
45,E_win14,3
46,E_win14,3
47,E_win14,4
48,E_win14,4
49,E_win14,4
50,E_win14,4
51,E_win14,5
52,E_win14,4
53,E_win14,3
54,E_win14,5
55,E_win14,4
56,E_win14,2
57,E_win14,5
58,E_win14,5
59,E_win14,4
60,E_win14,4
61,E_win14,5
62,E_win14,3
63,E_win14,5
64,E_win14,5
65,E_win14,5
11,E_win15,5
12,E_win15,5
13,E_win15,4
15,E_win15,5
18,E_win15,4
20,E_win15,5
21,E_win15,5
22,E_win15,5
23,E_win15,4
24,E_win15,5
26,E_win15,5
28,E_win15,5
29,E_win15,5
30,E_win15,3
31,E_win15,4
32,E_win15,4
33,E_win15,2
34,E_win15,3
35,E_win15,5
36,E_win15,3
37,E_win15,3
38,E_win15,4
39,E_win15,5
40,E_win15,5
41,E_win15,5
42,E_win15,3
45,E_win15,4
46,E_win15,3
47,E_win15,4
48,E_win15,4
49,E_win15,3
50,E_win15,5
51,E_win15,5
52,E_win15,3
53,E_win15,4
54,E_win15,4
55,E_win15,5
56,E_win15,5
57,E_win15,5
58,E_win15,4
59,E_win15,4
60,E_win15,5
61,E_win15,5
62,E_win15,3
63,E_win15,5
64,E_win15,3
65,E_win15,4
11,E_win18,4
12,E_win18,5
13,E_win18,5
15,E_win18,5
18,E_win18,3
20,E_win18,4
21,E_win18,5
22,E_win18,1
23,E_win18,2
24,E_win18,4
26,E_win18,4
28,E_win18,5
29,E_win18,5
30,E_win18,4
31,E_win18,3
32,E_win18,5
33,E_win18,3
34,E_win18,4
35,E_win18,4
36,E_win18,4
37,E_win18,3
38,E_win18,3
39,E_win18,5
40,E_win18,3
41,E_win18,4
42,E_win18,3
45,E_win18,2
46,E_win18,3
47,E_win18,4
48,E_win18,4
49,E_win18,3
50,E_win18,4
51,E_win18,5
52,E_win18,4
53,E_win18,3
54,E_win18,4
55,E_win18,5
56,E_win18,4
57,E_win18,3
58,E_win18,3
59,E_win18,3
60,E_win18,3
61,E_win18,5
62,E_win18,3
63,E_win18,4
64,E_win18,3
65,E_win18,4
11,E_win19,5
12,E_win19,5
13,E_win19,4
15,E_win19,5
18,E_win19,5
20,E_win19,5
21,E_win19,5
22,E_win19,5
23,E_win19,5
24,E_win19,5
26,E_win19,5
28,E_win19,5
29,E_win19,5
30,E_win19,5
31,E_win19,4
32,E_win19,5
33,E_win19,4
34,E_win19,5
35,E_win19,4
36,E_win19,4
37,E_win19,5
38,E_win19,4
39,E_win19,5
40,E_win19,5
41,E_win19,5
42,E_win19,4
45,E_win19,3
46,E_win19,4
47,E_win19,4
48,E_win19,5
49,E_win19,5
50,E_win19,5
51,E_win19,5
52,E_win19,4
53,E_win19,4
54,E_win19,5
55,E_win19,5
56,E_win19,4
57,E_win19,5
58,E_win19,5
59,E_win19,4
60,E_win19,4
61,E_win19,5
62,E_win19,3
63,E_win19,5
64,E_win19,1
65,E_win19,4
11,E_win2,4
12,E_win2,5
13,E_win2,4
15,E_win2,3
18,E_win2,5
20,E_win2,4
21,E_win2,4
22,E_win2,4
23,E_win2,4
24,E_win2,5
26,E_win2,4
28,E_win2,5
29,E_win2,5
30,E_win2,5
31,E_win2,3
32,E_win2,1
33,E_win2,3
34,E_win2,4
35,E_win2,3
36,E_win2,4
37,E_win2,4
38,E_win2,4
39,E_win2,4
40,E_win2,3
41,E_win2,4
42,E_win2,3
45,E_win2,3
46,E_win2,4
47,E_win2,3
48,E_win2,3
49,E_win2,4
50,E_win2,3
51,E_win2,4
52,E_win2,2
53,E_win2,3
54,E_win2,4
55,E_win2,4
56,E_win2,4
57,E_win2,4
58,E_win2,4
59,E_win2,4
60,E_win2,3
61,E_win2,5
62,E_win2,3
63,E_win2,4
64,E_win2,3
65,E_win2,4
11,E_win20,5
12,E_win20,5
13,E_win20,5
15,E_win20,5
18,E_win20,5
20,E_win20,5
21,E_win20,4
22,E_win20,5
23,E_win20,3
24,E_win20,5
26,E_win20,5
28,E_win20,5
29,E_win20,5
30,E_win20,5
31,E_win20,5
32,E_win20,5
33,E_win20,4
34,E_win20,5
35,E_win20,4
36,E_win20,4
37,E_win20,5
38,E_win20,4
39,E_win20,5
40,E_win20,5
41,E_win20,4
42,E_win20,3
45,E_win20,4
46,E_win20,4
47,E_win20,4
48,E_win20,5
49,E_win20,5
50,E_win20,5
51,E_win20,5
52,E_win20,4
53,E_win20,4
54,E_win20,5
55,E_win20,5
56,E_win20,4
57,E_win20,5
58,E_win20,4
59,E_win20,4
60,E_win20,5
61,E_win20,5
62,E_win20,3
63,E_win20,5
64,E_win20,3
65,E_win20,4
11,E_win21,2
12,E_win21,5
13,E_win21,5
15,E_win21,4
18,E_win21,5
20,E_win21,5
21,E_win21,5
22,E_win21,1
23,E_win21,5
24,E_win21,5
26,E_win21,5
28,E_win21,5
29,E_win21,5
30,E_win21,4
31,E_win21,3
32,E_win21,5
33,E_win21,5
34,E_win21,4
35,E_win21,3
36,E_win21,5
37,E_win21,4
38,E_win21,5
39,E_win21,5
40,E_win21,5
41,E_win21,4
42,E_win21,4
45,E_win21,4
46,E_win21,4
47,E_win21,4
48,E_win21,4
49,E_win21,4
50,E_win21,5
51,E_win21,5
52,E_win21,4
53,E_win21,4
54,E_win21,5
55,E_win21,4
56,E_win21,4
57,E_win21,5
58,E_win21,4
59,E_win21,4
60,E_win21,5
61,E_win21,5
62,E_win21,3
63,E_win21,5
64,E_win21,3
65,E_win21,5
11,E_win23,4
12,E_win23,5
13,E_win23,4
15,E_win23,5
18,E_win23,5
20,E_win23,5
21,E_win23,5
22,E_win23,1
23,E_win23,3
24,E_win23,5
26,E_win23,5
28,E_win23,5
29,E_win23,5
30,E_win23,5
31,E_win23,5
32,E_win23,5
33,E_win23,2
34,E_win23,4
35,E_win23,3
36,E_win23,5
37,E_win23,4
38,E_win23,4
39,E_win23,4
40,E_win23,5
41,E_win23,5
42,E_win23,4
45,E_win23,3
46,E_win23,3
47,E_win23,3
48,E_win23,4
49,E_win23,3
50,E_win23,3
51,E_win23,5
52,E_win23,3
53,E_win23,3
54,E_win23,4
55,E_win23,5
56,E_win23,5
57,E_win23,4
58,E_win23,4
59,E_win23,4
60,E_win23,4
61,E_win23,5
62,E_win23,3
63,E_win23,5
64,E_win23,4
65,E_win23,3
11,E_win24,4
12,E_win24,5
13,E_win24,5
15,E_win24,5
18,E_win24,5
20,E_win24,5
21,E_win24,5
22,E_win24,1
23,E_win24,5
24,E_win24,5
26,E_win24,5
28,E_win24,5
29,E_win24,5
30,E_win24,5
31,E_win24,3
32,E_win24,5
33,E_win24,4
34,E_win24,5
35,E_win24,5
36,E_win24,4
37,E_win24,5
38,E_win24,4
39,E_win24,5
40,E_win24,3
41,E_win24,5
42,E_win24,4
45,E_win24,4
46,E_win24,4
47,E_win24,4
48,E_win24,5
49,E_win24,5
50,E_win24,5
51,E_win24,1
52,E_win24,4
53,E_win24,4
54,E_win24,4
55,E_win24,5
56,E_win24,4
57,E_win24,5
58,E_win24,4
59,E_win24,3
60,E_win24,5
61,E_win24,5
62,E_win24,3
63,E_win24,5
64,E_win24,5
65,E_win24,4
11,E_win25,1
12,E_win25,5
13,E_win25,4
15,E_win25,4
18,E_win25,5
20,E_win25,5
21,E_win25,4
22,E_win25,5
23,E_win25,1
24,E_win25,5
26,E_win25,2
28,E_win25,4
29,E_win25,5
30,E_win25,2
31,E_win25,3
32,E_win25,1
33,E_win25,2
34,E_win25,2
35,E_win25,3
36,E_win25,3
37,E_win25,4
38,E_win25,4
39,E_win25,2
40,E_win25,3
41,E_win25,5
42,E_win25,2
45,E_win25,3
46,E_win25,3
47,E_win25,2
48,E_win25,2
49,E_win25,2
50,E_win25,4
51,E_win25,3
52,E_win25,3
53,E_win25,4
54,E_win25,5
55,E_win25,4
56,E_win25,5
57,E_win25,3
58,E_win25,3
59,E_win25,2
60,E_win25,3
61,E_win25,5
62,E_win25,3
63,E_win25,3
64,E_win25,2
65,E_win25,5
11,E_win27,5
12,E_win27,5
13,E_win27,4
15,E_win27,4
18,E_win27,5
20,E_win27,5
21,E_win27,5
22,E_win27,1
23,E_win27,2
24,E_win27,5
26,E_win27,5
28,E_win27,5
29,E_win27,5
30,E_win27,5
31,E_win27,3
32,E_win27,5
33,E_win27,2
34,E_win27,4
35,E_win27,4
36,E_win27,5
37,E_win27,5
38,E_win27,4
39,E_win27,4
40,E_win27,5
41,E_win27,4
42,E_win27,4
45,E_win27,4
46,E_win27,4
47,E_win27,4
48,E_win27,4
49,E_win27,3
50,E_win27,5
51,E_win27,5
52,E_win27,4
53,E_win27,4
54,E_win27,5
55,E_win27,5
56,E_win27,3
57,E_win27,5
58,E_win27,4
59,E_win27,4
60,E_win27,4
61,E_win27,5
62,E_win27,3
63,E_win27,5
64,E_win27,1
65,E_win27,2
11,E_win28,5
12,E_win28,5
13,E_win28,4
15,E_win28,4
18,E_win28,5
20,E_win28,5
21,E_win28,5
22,E_win28,5
23,E_win28,5
24,E_win28,5
26,E_win28,5
28,E_win28,5
29,E_win28,5
30,E_win28,4
31,E_win28,5
32,E_win28,5
33,E_win28,5
34,E_win28,4
35,E_win28,4
36,E_win28,4
37,E_win28,4
38,E_win28,5
39,E_win28,5
40,E_win28,5
41,E_win28,4
42,E_win28,4
45,E_win28,5
46,E_win28,4
47,E_win28,4
48,E_win28,4
49,E_win28,4
50,E_win28,4
51,E_win28,5
52,E_win28,3
53,E_win28,5
54,E_win28,5
55,E_win28,5
56,E_win28,5
57,E_win28,5
58,E_win28,4
59,E_win28,4
60,E_win28,5
61,E_win28,5
62,E_win28,3
63,E_win28,5
64,E_win28,5
65,E_win28,5
11,E_win29,3
12,E_win29,5
13,E_win29,3
15,E_win29,5
18,E_win29,5
20,E_win29,4
21,E_win29,5
22,E_win29,5
23,E_win29,4
24,E_win29,5
26,E_win29,5
28,E_win29,5
29,E_win29,5
30,E_win29,4
31,E_win29,3
32,E_win29,5
33,E_win29,5
34,E_win29,4
35,E_win29,4
36,E_win29,4
37,E_win29,3
38,E_win29,4
39,E_win29,4
40,E_win29,5
41,E_win29,5
42,E_win29,3
45,E_win29,3
46,E_win29,3
47,E_win29,3
48,E_win29,4
49,E_win29,4
50,E_win29,4
51,E_win29,5
52,E_win29,4
53,E_win29,4
54,E_win29,5
55,E_win29,5
56,E_win29,3
57,E_win29,3
58,E_win29,4
59,E_win29,4
60,E_win29,3
61,E_win29,5
62,E_win29,2
63,E_win29,5
64,E_win29,5
65,E_win29,2
11,E_win3,5
12,E_win3,5
13,E_win3,4
15,E_win3,5
18,E_win3,5
20,E_win3,4
21,E_win3,5
22,E_win3,5
23,E_win3,5
24,E_win3,5
26,E_win3,4
28,E_win3,5
29,E_win3,5
30,E_win3,5
31,E_win3,4
32,E_win3,5
33,E_win3,5
34,E_win3,5
35,E_win3,3
36,E_win3,4
37,E_win3,5
38,E_win3,4
39,E_win3,5
40,E_win3,5
41,E_win3,4
42,E_win3,4
45,E_win3,3
46,E_win3,4
47,E_win3,4
48,E_win3,5
49,E_win3,5
50,E_win3,5
51,E_win3,5
52,E_win3,4
53,E_win3,3
54,E_win3,5
55,E_win3,5
56,E_win3,4
57,E_win3,5
58,E_win3,5
59,E_win3,3
60,E_win3,5
61,E_win3,5
62,E_win3,3
63,E_win3,5
64,E_win3,5
65,E_win3,4
11,E_win31,3
12,E_win31,5
13,E_win31,4
15,E_win31,5
18,E_win31,5
20,E_win31,4
21,E_win31,5
22,E_win31,3
23,E_win31,3
24,E_win31,4
26,E_win31,5
28,E_win31,5
29,E_win31,5
30,E_win31,4
31,E_win31,5
32,E_win31,1
33,E_win31,5
34,E_win31,4
35,E_win31,4
36,E_win31,5
37,E_win31,4
38,E_win31,4
39,E_win31,4
40,E_win31,3
41,E_win31,5
42,E_win31,4
45,E_win31,4
46,E_win31,3
47,E_win31,4
48,E_win31,4
49,E_win31,4
50,E_win31,5
51,E_win31,5
52,E_win31,4
53,E_win31,4
54,E_win31,5
55,E_win31,4
56,E_win31,3
57,E_win31,3
58,E_win31,4
59,E_win31,3
60,E_win31,3
61,E_win31,5
62,E_win31,3
63,E_win31,4
64,E_win31,3
65,E_win31,4
11,E_win32,5
12,E_win32,5
13,E_win32,4
15,E_win32,4
18,E_win32,5
20,E_win32,5
21,E_win32,4
22,E_win32,5
23,E_win32,4
24,E_win32,5
26,E_win32,4
28,E_win32,5
29,E_win32,5
30,E_win32,5
31,E_win32,3
32,E_win32,5
33,E_win32,4
34,E_win32,4
35,E_win32,3
36,E_win32,4
37,E_win32,4
38,E_win32,5
39,E_win32,4
40,E_win32,3
41,E_win32,4
42,E_win32,4
45,E_win32,1
46,E_win32,3
47,E_win32,4
48,E_win32,4
49,E_win32,4
50,E_win32,5
51,E_win32,5
52,E_win32,4
53,E_win32,4
54,E_win32,4
55,E_win32,4
56,E_win32,4
57,E_win32,4
58,E_win32,4
59,E_win32,4
60,E_win32,4
61,E_win32,5
62,E_win32,3
63,E_win32,4
64,E_win32,5
65,E_win32,4
11,E_win34,5
12,E_win34,5
13,E_win34,5
15,E_win34,4
18,E_win34,4
20,E_win34,4
21,E_win34,3
22,E_win34,5
23,E_win34,2
24,E_win34,4
26,E_win34,4
28,E_win34,4
29,E_win34,5
30,E_win34,3
31,E_win34,5
32,E_win34,5
33,E_win34,4
34,E_win34,5
35,E_win34,4
36,E_win34,3
37,E_win34,3
38,E_win34,3
39,E_win34,2
40,E_win34,3
41,E_win34,4
42,E_win34,4
45,E_win34,2
46,E_win34,3
47,E_win34,3
48,E_win34,4
49,E_win34,4
50,E_win34,4
51,E_win34,4
52,E_win34,3
53,E_win34,2
54,E_win34,4
55,E_win34,4
56,E_win34,2
57,E_win34,4
58,E_win34,4
59,E_win34,3
60,E_win34,3
61,E_win34,5
62,E_win34,3
63,E_win34,3
64,E_win34,4
65,E_win34,4
11,E_win36,5
12,E_win36,5
13,E_win36,4
15,E_win36,4
18,E_win36,5
20,E_win36,5
21,E_win36,5
22,E_win36,1
23,E_win36,4
24,E_win36,5
26,E_win36,5
28,E_win36,5
29,E_win36,5
30,E_win36,5
31,E_win36,3
32,E_win36,5
33,E_win36,3
34,E_win36,5
35,E_win36,4
36,E_win36,5
37,E_win36,5
38,E_win36,4
39,E_win36,5
40,E_win36,1
41,E_win36,5
42,E_win36,4
45,E_win36,4
46,E_win36,4
47,E_win36,3
48,E_win36,4
49,E_win36,4
50,E_win36,4
51,E_win36,3
52,E_win36,4
53,E_win36,4
54,E_win36,5
55,E_win36,5
56,E_win36,4
57,E_win36,5
58,E_win36,4
59,E_win36,3
60,E_win36,3
61,E_win36,5
62,E_win36,3
63,E_win36,3
64,E_win36,5
65,E_win36,4
11,E_win39,5
12,E_win39,5
13,E_win39,4
15,E_win39,4
18,E_win39,5
20,E_win39,5
21,E_win39,4
22,E_win39,1
23,E_win39,4
24,E_win39,5
26,E_win39,5
28,E_win39,5
29,E_win39,5
30,E_win39,5
31,E_win39,5
32,E_win39,5
33,E_win39,4
34,E_win39,4
35,E_win39,4
36,E_win39,4
37,E_win39,5
38,E_win39,5
39,E_win39,5
40,E_win39,5
41,E_win39,4
42,E_win39,3
45,E_win39,3
46,E_win39,3
47,E_win39,3
48,E_win39,5
49,E_win39,2
50,E_win39,5
51,E_win39,5
52,E_win39,4
53,E_win39,4
54,E_win39,5
55,E_win39,4
56,E_win39,3
57,E_win39,5
58,E_win39,5
59,E_win39,4
60,E_win39,5
61,E_win39,5
62,E_win39,3
63,E_win39,5
64,E_win39,5
65,E_win39,4
11,E_win40,4
12,E_win40,5
13,E_win40,5
15,E_win40,4
18,E_win40,5
20,E_win40,3
21,E_win40,2
22,E_win40,5
23,E_win40,3
24,E_win40,5
26,E_win40,3
28,E_win40,5
29,E_win40,5
30,E_win40,5
31,E_win40,4
32,E_win40,5
33,E_win40,3
34,E_win40,4
35,E_win40,4
36,E_win40,4
37,E_win40,4
38,E_win40,4
39,E_win40,3
40,E_win40,3
41,E_win40,4
42,E_win40,4
45,E_win40,1
46,E_win40,5
47,E_win40,3
48,E_win40,5
49,E_win40,4
50,E_win40,5
51,E_win40,4
52,E_win40,2
53,E_win40,4
54,E_win40,5
55,E_win40,5
56,E_win40,3
57,E_win40,4
58,E_win40,4
59,E_win40,4
60,E_win40,3
61,E_win40,5
62,E_win40,3
63,E_win40,5
64,E_win40,3
65,E_win40,5
11,E_win45,2
12,E_win45,5
13,E_win45,4
15,E_win45,4
18,E_win45,4
20,E_win45,4
21,E_win45,4
22,E_win45,5
23,E_win45,3
24,E_win45,4
26,E_win45,3
28,E_win45,5
29,E_win45,5
30,E_win45,5
31,E_win45,4
32,E_win45,5
33,E_win45,4
34,E_win45,4
35,E_win45,3
36,E_win45,5
37,E_win45,3
38,E_win45,4
39,E_win45,4
40,E_win45,3
41,E_win45,4
42,E_win45,4
45,E_win45,4
46,E_win45,3
47,E_win45,4
48,E_win45,4
49,E_win45,3
50,E_win45,5
51,E_win45,3
52,E_win45,3
53,E_win45,2
54,E_win45,4
55,E_win45,5
56,E_win45,4
57,E_win45,4
58,E_win45,3
59,E_win45,3
60,E_win45,4
61,E_win45,4
62,E_win45,3
63,E_win45,5
64,E_win45,4
65,E_win45,2
11,E_win46,2
12,E_win46,5
13,E_win46,2
15,E_win46,1
18,E_win46,5
20,E_win46,3
21,E_win46,2
22,E_win46,5
23,E_win46,1
24,E_win46,1
26,E_win46,1
28,E_win46,4
29,E_win46,3
30,E_win46,2
31,E_win46,2
32,E_win46,1
33,E_win46,4
34,E_win46,1
35,E_win46,2
36,E_win46,5
37,E_win46,1
38,E_win46,1
39,E_win46,2
40,E_win46,3
41,E_win46,1
42,E_win46,1
45,E_win46,3
46,E_win46,1
47,E_win46,2
48,E_win46,1
49,E_win46,1
50,E_win46,3
51,E_win46,1
52,E_win46,3
53,E_win46,4
54,E_win46,4
55,E_win46,5
56,E_win46,2
57,E_win46,3
58,E_win46,5
59,E_win46,3
60,E_win46,1
61,E_win46,5
62,E_win46,3
63,E_win46,3
64,E_win46,1
65,E_win46,1
11,E_win5,4
12,E_win5,5
13,E_win5,5
15,E_win5,4
18,E_win5,4
20,E_win5,5
21,E_win5,5
22,E_win5,2
23,E_win5,4
24,E_win5,4
26,E_win5,4
28,E_win5,5
29,E_win5,5
30,E_win5,5
31,E_win5,4
32,E_win5,5
33,E_win5,4
34,E_win5,3
35,E_win5,4
36,E_win5,4
37,E_win5,4
38,E_win5,5
39,E_win5,5
40,E_win5,3
41,E_win5,4
42,E_win5,3
45,E_win5,3
46,E_win5,3
47,E_win5,3
48,E_win5,4
49,E_win5,4
50,E_win5,4
51,E_win5,5
52,E_win5,3
53,E_win5,4
54,E_win5,4
55,E_win5,4
56,E_win5,4
57,E_win5,5
58,E_win5,4
59,E_win5,3
60,E_win5,3
61,E_win5,5
62,E_win5,3
63,E_win5,5
64,E_win5,3
65,E_win5,4
11,E_win50,4
12,E_win50,5
13,E_win50,4
15,E_win50,5
18,E_win50,5
20,E_win50,5
21,E_win50,4
22,E_win50,5
23,E_win50,2
24,E_win50,5
26,E_win50,5
28,E_win50,5
29,E_win50,5
30,E_win50,4
31,E_win50,4
32,E_win50,5
33,E_win50,5
34,E_win50,2
35,E_win50,3
36,E_win50,5
37,E_win50,4
38,E_win50,4
39,E_win50,4
40,E_win50,3
41,E_win50,4
42,E_win50,4
45,E_win50,3
46,E_win50,3
47,E_win50,4
48,E_win50,4
49,E_win50,4
50,E_win50,5
51,E_win50,3
52,E_win50,3
53,E_win50,4
54,E_win50,5
55,E_win50,4
56,E_win50,5
57,E_win50,4
58,E_win50,4
59,E_win50,3
60,E_win50,4
61,E_win50,5
62,E_win50,3
63,E_win50,5
64,E_win50,5
65,E_win50,5
11,E_win54,5
12,E_win54,5
13,E_win54,4
15,E_win54,5
18,E_win54,4
20,E_win54,4
21,E_win54,5
22,E_win54,2
23,E_win54,4
24,E_win54,5
26,E_win54,4
28,E_win54,5
29,E_win54,5
30,E_win54,5
31,E_win54,4
32,E_win54,5
33,E_win54,3
34,E_win54,3
35,E_win54,4
36,E_win54,5
37,E_win54,4
38,E_win54,5
39,E_win54,4
40,E_win54,5
41,E_win54,4
42,E_win54,5
45,E_win54,3
46,E_win54,5
47,E_win54,4
48,E_win54,5
49,E_win54,5
50,E_win54,5
51,E_win54,5
52,E_win54,3
53,E_win54,4
54,E_win54,4
55,E_win54,5
56,E_win54,4
57,E_win54,4
58,E_win54,4
59,E_win54,4
60,E_win54,5
61,E_win54,4
62,E_win54,3
63,E_win54,5
64,E_win54,4
65,E_win54,4
11,E_win55,4
12,E_win55,5
13,E_win55,4
15,E_win55,4
18,E_win55,5
20,E_win55,3
21,E_win55,5
22,E_win55,5
23,E_win55,3
24,E_win55,5
26,E_win55,4
28,E_win55,5
29,E_win55,1
30,E_win55,5
31,E_win55,4
32,E_win55,1
33,E_win55,4
34,E_win55,4
35,E_win55,3
36,E_win55,3
37,E_win55,3
38,E_win55,4
39,E_win55,4
40,E_win55,4
41,E_win55,4
42,E_win55,4
45,E_win55,4
46,E_win55,3
47,E_win55,4
48,E_win55,4
49,E_win55,3
50,E_win55,4
51,E_win55,4
52,E_win55,4
53,E_win55,4
54,E_win55,4
55,E_win55,4
56,E_win55,3
57,E_win55,4
58,E_win55,4
59,E_win55,3
60,E_win55,2
61,E_win55,5
62,E_win55,3
63,E_win55,5
64,E_win55,2
65,E_win55,4
11,E_win6,4
12,E_win6,5
13,E_win6,4
15,E_win6,5
18,E_win6,5
20,E_win6,5
21,E_win6,5
22,E_win6,5
23,E_win6,3
24,E_win6,5
26,E_win6,5
28,E_win6,5
29,E_win6,4
30,E_win6,5
31,E_win6,5
32,E_win6,5
33,E_win6,5
34,E_win6,4
35,E_win6,4
36,E_win6,5
37,E_win6,4
38,E_win6,4
39,E_win6,4
40,E_win6,3
41,E_win6,4
42,E_win6,5
45,E_win6,5
46,E_win6,3
47,E_win6,4
48,E_win6,4
49,E_win6,4
50,E_win6,3
51,E_win6,5
52,E_win6,4
53,E_win6,4
54,E_win6,5
55,E_win6,5
56,E_win6,5
57,E_win6,5
58,E_win6,5
59,E_win6,3
60,E_win6,4
61,E_win6,5
62,E_win6,2
63,E_win6,5
64,E_win6,5
65,E_win6,4
11,E_win8,5
12,E_win8,5
13,E_win8,5
15,E_win8,5
18,E_win8,5
20,E_win8,5
21,E_win8,5
22,E_win8,5
23,E_win8,4
24,E_win8,5
26,E_win8,4
28,E_win8,5
29,E_win8,5
30,E_win8,4
31,E_win8,4
32,E_win8,5
33,E_win8,5
34,E_win8,4
35,E_win8,5
36,E_win8,5
37,E_win8,4
38,E_win8,5
39,E_win8,4
40,E_win8,5
41,E_win8,5
42,E_win8,4
45,E_win8,4
46,E_win8,3
47,E_win8,4
48,E_win8,4
49,E_win8,5
50,E_win8,5
51,E_win8,5
52,E_win8,4
53,E_win8,3
54,E_win8,5
55,E_win8,5
56,E_win8,4
57,E_win8,5
58,E_win8,5
59,E_win8,3
60,E_win8,4
61,E_win8,5
62,E_win8,3
63,E_win8,5
64,E_win8,5
65,E_win8,5
